{
    "rmse_states_per_variable": [
        0.03456085867212309,
        0.029913855237457397,
        0.002086359630129786,
        0.005856922653833305,
        0.00352673653874747,
        0.006458687635182573,
        0.00020472021889170417,
        0.017423130269292625,
        0.040595890843871156,
        0.034053740367479435,
        0.01492722005104365,
        0.01791446209600298,
        0.03356504372624825,
        0.022042352028235734,
        0.0504784441371235,
        0.08197467493114508,
        0.025422987740121177,
        0.03615443349573285,
        0.06043268601572043
    ],
    "total_rmse_states": 0.03427683002996325,
    "rmse_velocities_per_variable": [
        0.021604459511358216,
        0.021632340897168763,
        0.006280645257792063,
        0.05590891631642708,
        0.19957441667922712,
        0.12262081955739378,
        0.004819316890055728,
        0.4399776011977299,
        0.5198036927918525,
        0.15216641771297146,
        0.2614746053536322,
        0.6433347445947887,
        0.28221448420090134,
        0.05410362709266851,
        0.043526633848276035,
        0.27771335874356023,
        0.24596518257916392,
        0.2582185075142026
    ],
    "total_rmse_velocities": 0.27048675435759634,
    "mae_com": 0.03996085474057795,
    "rmse_com": 0.04575636112966433,
    "std_z_nom": 0.051705337169855266,
    "std_z_policy": 0.051679699342455074,
    "rmse_z": 0.0020863596301297816
}