{
    "rmse_states_per_variable": [
        0.016765422187989862,
        0.016750043132330233,
        0.003151319450694739,
        0.003051590568728123,
        0.0038092391247821853,
        0.0011028327980678976,
        0.000102139208084482,
        0.0060480344256451015,
        0.007394903264820215,
        0.028164240836745597,
        0.00937926569409421,
        0.013786305136117576,
        0.031659096705692814,
        0.009244143120520838,
        0.011925972072278877,
        0.03482457520343337,
        0.008735024421490685,
        0.011415582412930779,
        0.028397707889729694
    ],
    "total_rmse_states": 0.016567123996246224,
    "rmse_velocities_per_variable": [
        0.01610890172613444,
        0.0008946685551604681,
        0.026540804581496585,
        0.1628621072761337,
        0.2707155477278647,
        0.023870436748451906,
        0.17401627067743375,
        0.28191191193653176,
        0.026382932654328742,
        0.1634725513730037,
        0.07476653063328288,
        0.458139733760282,
        0.1631006059952696,
        0.9591270518772986,
        1.5026878593324688,
        0.14793260097602023,
        0.8561856474212123,
        1.2445085834946263
    ],
    "total_rmse_velocities": 0.5755354849106202,
    "mae_com": 0.020057516122089294,
    "rmse_com": 0.023907616785384406,
    "std_z_nom": 0.05738072328102685,
    "std_z_policy": 0.05720945177795961,
    "rmse_z": 0.0031513194506947377
}