{
    "rmse_states_per_variable": [
        0.03440496397942624,
        0.012675774280695013,
        0.012390382303263012,
        0.004416301442613627,
        0.0031211764327348174,
        0.0031250145716767764,
        3.882801091987475e-05,
        0.03959910373195236,
        0.0941147240044755,
        0.13280474296416794,
        0.062255388839570214,
        0.09295552677552756,
        0.12630958672206846,
        0.02747405378062398,
        0.04887807079348011,
        0.07439895450305925,
        0.019630292877665816,
        0.057044945495323934,
        0.07782433999178012
    ],
    "total_rmse_states": 0.06343063022548562,
    "rmse_velocities_per_variable": [
        0.020685609118553563,
        0.03548033274174128,
        0.013788919579764065,
        0.49229094616870084,
        0.013813663266942533,
        0.05006773501182661,
        0.39805182574104364,
        0.20356802225297238,
        0.11599123078086032,
        1.0830735748919649,
        0.02599989501710117,
        0.1622919951870283,
        0.21532106173361995,
        0.2846140686708567,
        0.16466723539237058,
        0.33944620683026366,
        0.0035418192258238087,
        0.16582630211466337
    ],
    "total_rmse_velocities": 0.3297764672523484,
    "mae_com": 0.036335583177436855,
    "rmse_com": 0.038702692072538784,
    "std_z_nom": 0.011845904327205994,
    "std_z_policy": 0.014043630514908442,
    "rmse_z": 0.012390382303263002
}