{
    "mse_states_per_variable": [
        2.6106567443545346e-06,
        3.4474598696862106e-06,
        0.00019660824136066515,
        0.004059385533548932,
        0.0016225892616910783,
        9.627625776475264e-05,
        2.457161731229961e-05,
        0.012640369594181397,
        0.0005685027785081613,
        0.06236987634208936,
        0.007917643207893022,
        0.000309243882824992,
        0.03061009041862772,
        0.018685821405619044,
        0.005010122783218978,
        0.0013095696247457846,
        0.035136937871676245,
        0.013506299453412552,
        0.00020837522409837
    ],
    "total_mse_states": 0.010225175874483548,
    "mse_velocities_per_variable": [
        0.09012853720728409,
        0.0458510012330367,
        0.8894248754037122,
        1009.1342726792303,
        15.811342028988738,
        0.4315302026360822,
        956.0616671707885,
        31.180661629802966,
        333.52576322910824,
        1188.7499667075263,
        8.878619386379283,
        29.896668361272074,
        1001.3409525177043,
        12.18330249242755,
        237.8400914482204,
        1931.2717663945803,
        2.8629366091031416,
        100.3677440810028
    ],
    "total_mse_velocities": 381.1423716307008
}