{
    "mse_states_per_variable": [
        0.00020764923769284063,
        0.0004920357258864193,
        0.0005286889699274385,
        9.677718783496199e-05,
        5.336775945256957e-05,
        1.0023178379203666e-05,
        1.9224367060990928e-07,
        0.0011677745426344917,
        0.014948762756477232,
        0.040710502004714995,
        0.0010120025830363574,
        0.011831861629285595,
        0.04563078969197599,
        0.0010668165371377602,
        0.009773980388094584,
        0.037352871407145306,
        0.0007622713224819027,
        0.01586140584765005,
        0.04091749048327829
    ],
    "total_mse_states": 0.011706592815618769,
    "mse_velocities_per_variable": [
        4.017250603209439e-05,
        1.047878086356636e-06,
        0.00021523418918250846,
        0.0684110324914491,
        0.0018402339706238711,
        0.0012614197480954718,
        0.2181621757615168,
        0.015022795397243478,
        0.07660498459013351,
        0.19908789558103746,
        0.02838535628797536,
        0.46665493324461876,
        0.16220385059728062,
        0.0005786668503251669,
        0.00042608932520560316,
        0.061551296903079186,
        0.00330889469339345,
        0.022164318798475698
    ],
    "total_mse_velocities": 0.07366224437854192
}