{
    "rmse_states_per_variable": [
        0.08417521520447364,
        0.013809946299665561,
        0.017896472272893687,
        0.015475306067780763,
        0.015160585907960841,
        0.010143028154824332,
        0.0010290934125115917,
        0.03129898599837585,
        0.2134821302555173,
        0.1846773324336546,
        0.04678391184979061,
        0.1355294468191136,
        0.17921666020166702,
        0.06635677414863841,
        0.20108079158447142,
        0.18711848589888344,
        0.03523581706749429,
        0.14701946044843528,
        0.17845775992093388
    ],
    "total_rmse_states": 0.12053799675185974,
    "rmse_velocities_per_variable": [
        0.5091772942147451,
        0.2652824416405667,
        0.7841335193319453,
        1.2447382074503106,
        0.6964324990462849,
        0.15139938310561557,
        1.862143047104329,
        1.2918258946524328,
        4.887089367477888,
        1.8290956340026145,
        1.1735881917329831,
        3.944166538872277,
        0.8687927732135652,
        1.6488907879936126,
        1.5731432982002078,
        1.8766927878531678,
        0.8433451105865563,
        1.1608265325689988
    ],
    "total_rmse_velocities": 1.8831171642833477,
    "mae_com": 0.05761131375816122,
    "rmse_com": 0.08715770299482171,
    "std_z_nom": 0.05556579458978031,
    "std_z_policy": 0.05567366589164484,
    "rmse_z": 0.01789647227289369
}