{
    "rmse_states_per_variable": [
        0.04075786215214711,
        0.13788379751595986,
        0.044492284044511096,
        0.07404919613056105,
        0.01736815977554709,
        0.023330839597752406,
        0.00816208191783499,
        0.27238905202065516,
        0.5300207233662265,
        0.5033602124754751,
        0.1826049790074706,
        0.12139458690474178,
        0.19681227976402602,
        0.261053333662985,
        0.2911102423980786,
        0.4242951794126071,
        0.21404523786214744,
        0.2566138483360466,
        0.3718655250765562
    ],
    "total_rmse_states": 0.26230000617484667,
    "rmse_velocities_per_variable": [
        0.43201197967719696,
        0.5547882466041208,
        0.24977168288468388,
        24.15198554608765,
        7.337099970958035,
        7.272517913208297,
        15.660925023877105,
        27.705140986543135,
        2.0354112182053625,
        24.94420568722066,
        27.373944094734693,
        6.050678421052955,
        29.3001407603,
        42.387328852105185,
        17.10823164941795,
        9.959829065889997,
        77.28425336892751,
        3.0680750031546205
    ],
    "total_rmse_velocities": 25.97550083292186,
    "mae_com": 0.10779812970239064,
    "rmse_com": 0.15050816683533522,
    "std_z_nom": 0.04997946992103274,
    "std_z_policy": 0.07244167754018377,
    "rmse_z": 0.04449228404451109
}