{
    "rmse_states_per_variable": [
        0.08000847297293409,
        0.01759373755632252,
        0.016847928454012704,
        0.0029736320626968515,
        0.0016533230386422042,
        0.0025401865118475724,
        2.1850969728667845e-05,
        0.01362086211225791,
        0.08882635867777301,
        0.14239389375203204,
        0.02153925159980096,
        0.07779799890617357,
        0.12306401041058661,
        0.03130220284839318,
        0.059681449334767774,
        0.09911044069763071,
        0.03090132529685214,
        0.09157752755068399,
        0.14277085430134462
    ],
    "total_rmse_states": 0.0729509934964058,
    "rmse_velocities_per_variable": [
        0.017479149012715852,
        0.011709653428667689,
        0.03831603891921325,
        0.012812565615519722,
        0.053889276383199604,
        0.02198744432100889,
        0.794415587276286,
        0.35792675253218353,
        1.4829319158932457,
        0.013506081557829099,
        0.17380790766326557,
        0.37391703467009585,
        0.0482987066429083,
        0.1257925883460803,
        0.24846414718852264,
        1.2058963164396184,
        0.012374017392407401,
        1.508553703491187
    ],
    "total_rmse_velocities": 0.6211068531715216,
    "mae_com": 0.07812510559230856,
    "rmse_com": 0.08363461031088155,
    "std_z_nom": 0.007340785983627773,
    "std_z_policy": 0.009561020964295256,
    "rmse_z": 0.0168479284540127
}