{
    "rmse_states_per_variable": [
        0.04229785948905232,
        0.0577796426308246,
        0.018331617725645264,
        0.05322240110485425,
        0.013481304198461885,
        0.004720137723890087,
        0.0027080196807138684,
        0.1733559828286644,
        0.14092982524985484,
        0.19603571713647508,
        0.11666319885724076,
        0.1665889375183572,
        0.16011164732562105,
        0.12040261705743115,
        0.10807423583254266,
        0.18265742340027635,
        0.1603104369091304,
        0.23281303493021469,
        0.19981197857615732
    ],
    "total_rmse_states": 0.13440234069637613,
    "rmse_velocities_per_variable": [
        0.1588146516134965,
        0.1831622550110806,
        0.16953602956314667,
        3.803855248001112,
        0.20561606490563988,
        0.014289698199024883,
        3.749746288584671,
        1.7105018229863527,
        3.4273965533260005,
        3.618298107860376,
        2.4811084002482495,
        5.986612764977176,
        3.158109687766393,
        1.4543777470909884,
        3.7740249770915635,
        4.782376565996458,
        0.8173113966047795,
        2.8131526126287696
    ],
    "total_rmse_velocities": 2.945857452391947,
    "mae_com": 0.06329362449638573,
    "rmse_com": 0.07391646791034194,
    "std_z_nom": 0.011261875256531315,
    "std_z_policy": 0.016903084152984072,
    "rmse_z": 0.018331617725645268
}