{
    "rmse_states_per_variable": [
        0.09152622633105482,
        0.016612014101649898,
        0.03879224360260861,
        0.049136811093329506,
        0.01708469420119446,
        0.011885875234241077,
        0.005143693172280311,
        0.12054311490682623,
        0.18501358469605442,
        0.3231288370955182,
        0.11595585096081179,
        0.1710801514422003,
        0.2552188926498898,
        0.08567226784836526,
        0.18495929391827504,
        0.3534670861833,
        0.0926051560940274,
        0.13981643952791734,
        0.26045632049544626
    ],
    "total_rmse_states": 0.1680391828597333,
    "rmse_velocities_per_variable": [
        0.4253844503435891,
        0.23509965577273215,
        0.7813216916450216,
        2.628448104022842,
        0.14529808181876003,
        0.3545557993644965,
        2.000310106190318,
        0.1609377081904956,
        3.186904411170774,
        1.9687461452142014,
        0.04706262259778405,
        2.698071706355299,
        0.9798687637385707,
        0.22112216365359968,
        3.972028673989331,
        1.6835863040287706,
        0.1695166158274489,
        2.401673337830468
    ],
    "total_rmse_velocities": 1.805251593544705,
    "mae_com": 0.05812388304906811,
    "rmse_com": 0.1007861462833113,
    "std_z_nom": 0.059836862124034176,
    "std_z_policy": 0.05868516565762001,
    "rmse_z": 0.03879224360260862
}