{
    "rmse_states_per_variable": [
        0.12471359583344245,
        0.023357245269236507,
        0.05783009037638838,
        0.04245871894033885,
        0.020927405908491816,
        0.018373120174872342,
        0.002072567896491335,
        0.21106158169050176,
        0.24271731588501547,
        0.3558281355651902,
        0.1458713361874658,
        0.29290422537064814,
        0.4542454364668522,
        0.10274745023848615,
        0.16044865417910345,
        0.292669938485803,
        0.1419467423767538,
        0.26081770447679425,
        0.5152325287319864
    ],
    "total_rmse_states": 0.23408324408694622,
    "rmse_velocities_per_variable": [
        0.016382345705618785,
        0.08383084613277281,
        0.16653022912383783,
        0.539112964239949,
        0.583675775449445,
        0.22892367523640897,
        0.019221506721434835,
        0.04380411888843616,
        0.12667327191181235,
        0.46208041028198427,
        1.4873075669979998,
        0.3543271896337724,
        0.11185622311034892,
        1.2512691901691972,
        1.0715537331741762,
        0.09482784363108579,
        1.4878380162143203,
        1.9661945920295545
    ],
    "total_rmse_velocities": 0.8200009506840021,
    "mae_com": 0.12486309614491908,
    "rmse_com": 0.13943945368946242,
    "std_z_nom": 0.059908461199592256,
    "std_z_policy": 0.05586797529151997,
    "rmse_z": 0.05783009037638831
}