{
    "rmse_states_per_variable": [
        0.056280750949915734,
        0.06394219523749618,
        0.07294609857711823,
        0.03823084784205035,
        0.02410170936555704,
        0.010638545626196096,
        0.0023487687986078133,
        0.10741679047765604,
        0.20600217924898806,
        0.4642462233976379,
        0.12308655830906334,
        0.2249250445783822,
        0.48928435450486873,
        0.1305224999747881,
        0.15355330233617115,
        0.42613950547040597,
        0.10768761426716482,
        0.21206531096353387,
        0.510660668700307
    ],
    "total_rmse_states": 0.24375691920150072,
    "rmse_velocities_per_variable": [
        0.08184363134198762,
        0.0023450542399083367,
        0.4987229987613656,
        1.007357208671233,
        0.4725890934412622,
        0.20952792215246213,
        1.0184349556384158,
        0.6800237375135134,
        2.2079458946338786,
        1.223751818674715,
        0.617697560875448,
        2.6001053155127885,
        1.1040606239067845,
        0.6056477474974632,
        1.8252269709127193,
        0.9774330811791829,
        0.2098716708332737,
        1.3820000999959214
    ],
    "total_rmse_velocities": 1.1637661894740432,
    "mae_com": 0.09777630104435348,
    "rmse_com": 0.11214838633212319,
    "std_z_nom": 0.059908461199592256,
    "std_z_policy": 0.038902668707501774,
    "rmse_z": 0.07294609857711815
}