{
    "rmse_states_per_variable": [
        0.12083978615343156,
        0.05645698935848264,
        0.014372627515268153,
        0.004828079549118898,
        0.0035542920209603356,
        0.0025309881670379348,
        4.5543415663991e-05,
        0.06084458488220199,
        0.11607973499509172,
        0.168525089046997,
        0.034186067735995564,
        0.04752820377576719,
        0.09541146992558813,
        0.04408171777805763,
        0.05998517528029772,
        0.11429615184858284,
        0.029673407441020976,
        0.08290510166218926,
        0.09627968975308611
    ],
    "total_rmse_states": 0.07670016275897285,
    "rmse_velocities_per_variable": [
        0.04459225193666671,
        0.040907650150959644,
        0.0036940337928155612,
        0.04191531337522048,
        0.017471522857890397,
        0.04118799971550562,
        0.09075592851318694,
        0.09128840778161129,
        0.21982784163107158,
        0.29233732434433646,
        0.2856516897322215,
        0.2568199389087042,
        0.05088035729556144,
        0.6212671658150188,
        0.4415320318417401,
        0.12695306747719964,
        0.038482171808167036,
        0.21248295253166607
    ],
    "total_rmse_velocities": 0.22992780543235272,
    "mae_com": 0.12289363326101523,
    "rmse_com": 0.1341499831782455,
    "std_z_nom": 0.011845904327205994,
    "std_z_policy": 0.01348883672287461,
    "rmse_z": 0.014372627515268141
}