{
    "rmse_states_per_variable": [
        0.028935956897936977,
        0.0185773960371958,
        0.029200254730517867,
        0.014369800516904164,
        0.013816408327058017,
        0.004818898341045254,
        0.0008744546410816385,
        0.035695280501177984,
        0.1586838359006047,
        0.23149969336656145,
        0.03076119902801261,
        0.15241808841617857,
        0.2544732835887823,
        0.045813768566934844,
        0.15531445858688414,
        0.24641789597549482,
        0.03269709187218648,
        0.15573012922979304,
        0.2387684626993762
    ],
    "total_rmse_states": 0.13391121301997988,
    "rmse_velocities_per_variable": [
        0.24409201544553483,
        0.07595311441610834,
        0.33247510348951725,
        0.5980787637133317,
        1.0997738969184492,
        0.40943667734603845,
        0.6935224251724215,
        2.42726326892527,
        3.3462874899004613,
        0.07908944830118421,
        0.8564853086298676,
        0.014359415723545151,
        0.2926443305770003,
        2.8148977716090084,
        0.5802001763021896,
        0.4425320914846798,
        2.615422950318456,
        0.6315097311117356
    ],
    "total_rmse_velocities": 1.4142523787654901,
    "mae_com": 0.03378822222160355,
    "rmse_com": 0.045111684976835195,
    "std_z_nom": 0.05556579458978031,
    "std_z_policy": 0.056983036950594576,
    "rmse_z": 0.029200254730517898
}