{
    "rmse_states_per_variable": [
        0.19283193099107937,
        0.04281844558782944,
        0.0685839941723425,
        0.06925259656402465,
        0.02562759718155738,
        0.01533760512238119,
        0.004021066125411648,
        0.25353972553500265,
        0.4022789134083719,
        0.5148426352953094,
        0.15144575823498363,
        0.2293882341239538,
        0.42605656667295905,
        0.1765356461557252,
        0.16720173029265123,
        0.4571140837900136,
        0.14062353047927645,
        0.31003559549759746,
        0.44942972822737187
    ],
    "total_rmse_states": 0.269857344816147,
    "rmse_velocities_per_variable": [
        0.27135739022763616,
        0.2940709607959291,
        0.48176624831587,
        5.65286825311306,
        1.2333775562946487,
        1.793192583340931,
        12.470141107090148,
        3.1683270393509364,
        8.192557220923257,
        5.217293878110485,
        1.6172509910057242,
        8.595295017421886,
        1.069975097715283,
        4.207567608007497,
        4.405827393033803,
        0.14638800565929477,
        1.4860901050982285,
        2.1651920239107656
    ],
    "total_rmse_velocities": 4.822615064865939,
    "mae_com": 0.1705679418961454,
    "rmse_com": 0.20909647808831727,
    "std_z_nom": 0.05761521674422982,
    "std_z_policy": 0.07459661650913366,
    "rmse_z": 0.06858399417234247
}