{
    "rmse_states_per_variable": [
        0.09318865438560561,
        0.055137655619968105,
        0.0506836656081127,
        0.04358577141476147,
        0.025717388029184846,
        0.0128578627548504,
        0.002884244732084533,
        0.15012930746385003,
        0.1636104558171307,
        0.37416561426341316,
        0.13845488034481718,
        0.16997713472277073,
        0.33719394086402643,
        0.1783668986736757,
        0.14211949749952274,
        0.31479606118280495,
        0.11118263088331097,
        0.10738355215638878,
        0.3084851672608386
    ],
    "total_rmse_states": 0.18328319528285256,
    "rmse_velocities_per_variable": [
        0.26971636954635664,
        0.5701572174302302,
        0.5198448073132224,
        0.47753493645844786,
        0.2218835452521294,
        0.7481403300621632,
        0.49324573947251815,
        0.46261296463406065,
        2.459017591055121,
        2.6776241763509767,
        1.386011221322789,
        2.1714255512204934,
        0.5185518346274042,
        1.06135229074606,
        0.34307497651555596,
        3.787487508250057,
        2.8842127762304086,
        5.016875941931633
    ],
    "total_rmse_velocities": 1.9883097493816198,
    "mae_com": 0.09713556974696899,
    "rmse_com": 0.11955383863741491,
    "std_z_nom": 0.04129454360590823,
    "std_z_policy": 0.0288787226849187,
    "rmse_z": 0.05068366560811273
}