{
    "rmse_states_per_variable": [
        0.32167092779392265,
        0.15887401194351616,
        0.01406145647557684,
        0.00393291265658924,
        0.002769633179787777,
        0.0017186197805062803,
        2.303870672973503e-05,
        0.06030180342864087,
        0.10625764737534822,
        0.16588206099239788,
        0.01760602924292082,
        0.03774448558532788,
        0.09747902446090971,
        0.022473640026071114,
        0.05316398587048505,
        0.0908396626593064,
        0.021612340376805962,
        0.058248770959082985,
        0.08852410588120115
    ],
    "total_rmse_states": 0.10409950576744778,
    "rmse_velocities_per_variable": [
        0.035682928686044446,
        0.005029115371184482,
        0.022105428095103893,
        0.0001631181773879995,
        0.007511478530311497,
        0.0072415349389827795,
        0.09839185389403121,
        0.07916605092414984,
        0.42124034206145133,
        0.007905078472836098,
        0.009501242214199518,
        0.22176291418843883,
        0.012349082806125773,
        0.030116989273386206,
        0.19234621518641276,
        0.6649854386335311,
        0.038467995236599245,
        0.6179366170681734
    ],
    "total_rmse_velocities": 0.24812709386068862,
    "mae_com": 0.32758427591463635,
    "rmse_com": 0.3590415881441114,
    "std_z_nom": 0.006445836412791206,
    "std_z_policy": 0.007361685200881134,
    "rmse_z": 0.014061456475576838
}