{
    "mse_states_per_variable": [
        0.013834991257453492,
        0.00030450705095575446,
        9.435330382944067e-05,
        4.7686906219034225e-05,
        4.0043342996962703e-05,
        0.23468882324236423,
        0.02575230356633207,
        0.005419700379003246,
        0.006668592062741925,
        0.010234828125332008,
        0.0686591254232778,
        0.017354164838791177,
        0.03564638759135475,
        0.07097894343928846,
        0.017330035315998474,
        0.01877359247245507,
        0.0061772993176127475,
        0.0024985154849613404,
        0.005545190882438011
    ],
    "total_mse_states": 0.028423636000179265,
    "mse_velocities_per_variable": [
        0.056944507672028626,
        3.716420839102362e-05,
        0.005411078151872827,
        0.042090654664858916,
        0.5091657374457109,
        0.0543497172425522,
        0.06720821810938532,
        0.37242837904653653,
        0.4649072115580536,
        0.000877846234827606,
        0.011152415770167443,
        5.278774761420211,
        0.3481135025003824,
        3.615243398966083,
        0.18028888573655888,
        0.004588182326540919,
        0.21723305852754693,
        1.8717065921126337
    ],
    "total_mse_velocities": 0.7278067395385747,
    "mae_com": 0.08176539128616268,
    "mse_com": 0.01423385161223868,
    "std_z_nom": 0.009636521577151388,
    "std_z_policy": 0.011815909879298304,
    "mse_z": 9.435330382944086e-05
}