{
    "rmse_states_per_variable": [
        0.11177079018030926,
        0.0855299289259004,
        0.016718966528726845,
        0.0034525229937165318,
        0.0022568448608618094,
        0.0024778110170501797,
        2.301120080281662e-05,
        0.03420860852008309,
        0.11412610984794386,
        0.1662768175159382,
        0.02790653910460607,
        0.0825015030790218,
        0.13214092390266652,
        0.015846726697911647,
        0.07547538460828389,
        0.11198107248705959,
        0.015553036470525403,
        0.07358163685034756,
        0.11392464890828959
    ],
    "total_rmse_states": 0.08082555058963437,
    "rmse_velocities_per_variable": [
        0.0020898309137238,
        0.0043969193813606635,
        0.02738769617446999,
        0.2732684881546062,
        0.05044797231030665,
        0.012880733172866775,
        0.44503414962296906,
        0.14784230659044015,
        0.09343859822604986,
        0.2978731115169963,
        0.06548648771529592,
        0.2565675681801938,
        0.28393635898131486,
        0.08831900988739429,
        0.2933620858995001,
        0.5729716604678883,
        0.1812377006028538,
        0.8917587014472669
    ],
    "total_rmse_velocities": 0.31592072595704923,
    "mae_com": 0.12607489472787012,
    "rmse_com": 0.14173073809653627,
    "std_z_nom": 0.0066980330757764744,
    "std_z_policy": 0.008748992805635451,
    "rmse_z": 0.01671896652872686
}