{
    "rmse_states_per_variable": [
        0.008920949322423256,
        0.004737214036287588,
        0.003981873298196936,
        0.005591952187489532,
        0.004250224724900968,
        0.0037952258666802455,
        0.00028213713088703083,
        0.01374433337544696,
        0.02187162937044476,
        0.030447428235611473,
        0.014040157909768022,
        0.012233627520340525,
        0.028512466908019635,
        0.01629641340968065,
        0.029018305960513063,
        0.053036664416210876,
        0.020161601541836122,
        0.02668213787866921,
        0.04943429417929809
    ],
    "total_rmse_states": 0.023416667225002952,
    "rmse_velocities_per_variable": [
        0.012036046442754968,
        0.0005996014517375724,
        0.0005311734387128924,
        0.09874087137854327,
        0.047555140280778695,
        0.042881697472192615,
        0.03070897348057374,
        0.10168635882864906,
        0.07032863271076009,
        0.1177456186255457,
        0.05522441922416136,
        0.02441228038742611,
        0.16922224712033304,
        0.03349600677013028,
        0.11018668377428155,
        0.1832995023284636,
        0.0469364527599796,
        0.06137737937637886
    ],
    "total_rmse_velocities": 0.0847226771589535,
    "mae_com": 0.009819143527989772,
    "rmse_com": 0.010857248666293772,
    "std_z_nom": 0.05392085906653136,
    "std_z_policy": 0.05413405318188487,
    "rmse_z": 0.00398187329819694
}