{
    "rmse_states_per_variable": [
        0.016765405382403283,
        0.01675005369975279,
        0.003151319851373735,
        0.003051590435088636,
        0.0038092383397469965,
        0.0011028325596081385,
        0.00010213919236265028,
        0.006048034256505418,
        0.007394903545469796,
        0.028164244332575684,
        0.009379266885966773,
        0.013786306297942875,
        0.03165910044870479,
        0.009244142616109037,
        0.011925971362769018,
        0.03482457762040054,
        0.008735024959955333,
        0.011415581696445649,
        0.02839770678287155
    ],
    "total_rmse_states": 0.016567124549644253,
    "rmse_velocities_per_variable": [
        0.016108901821561047,
        0.0008946715748034905,
        0.026540826592601218,
        0.16286264706492573,
        0.2707153912939481,
        0.023870397299480765,
        0.1740167870984645,
        0.2819118378701509,
        0.026382999743567826,
        0.16347308640947092,
        0.07476625485622046,
        0.45813997613646046,
        0.1631011302075573,
        0.959126921297772,
        1.5026879470033925,
        0.1479331117081477,
        0.8561853653054761,
        1.2445083622670634
    ],
    "total_rmse_velocities": 0.5755354795573532,
    "mae_com": 0.02005751152938334,
    "rmse_com": 0.02390761245684271,
    "std_z_nom": 0.05738072328764803,
    "std_z_policy": 0.05720945184215535,
    "rmse_z": 0.0031513198513737368
}