{
    "rmse_states_per_variable": [
        0.051181786327782204,
        0.057614610578868894,
        0.06808427345803418,
        0.03308870363979575,
        0.028444946101266987,
        0.020226199328960994,
        0.0025927860752525396,
        0.0827885442405077,
        0.22791476809421052,
        0.4652467328319654,
        0.16735863109807575,
        0.268139933446159,
        0.4657138012013416,
        0.10787909386302359,
        0.2352515351046693,
        0.43578736895991554,
        0.08025239436475319,
        0.220271982340987,
        0.40508820201456386
    ],
    "total_rmse_states": 0.238514440894701,
    "rmse_velocities_per_variable": [
        0.07042547043743709,
        0.052780846231782905,
        0.13405995813282584,
        2.2179285717939017,
        2.2990044190307337,
        0.0958606439037349,
        2.53801076385884,
        0.5733697967215228,
        0.5482850116973748,
        1.5919754658556906,
        0.05025623181434528,
        2.265978040563324,
        2.3118936245193304,
        3.0573437036506466,
        3.915085286451942,
        2.5454443253258474,
        2.8946507600606344,
        2.5049926378145013
    ],
    "total_rmse_velocities": 2.056633506509871,
    "mae_com": 0.08371362894013946,
    "rmse_com": 0.1028323241795392,
    "std_z_nom": 0.06422485933576348,
    "std_z_policy": 0.028286391862828657,
    "rmse_z": 0.0680842734580342
}