{
    "mse_states_per_variable": [
        0.02294409839787407,
        0.002054384450289664,
        0.0011796623165897366,
        0.0001730865472399221,
        0.00015312896547274512,
        7.331718284856348e-05,
        2.420111157707327e-08,
        0.002592800571283044,
        0.044054621202791834,
        0.11444134633373705,
        0.011494063864217115,
        0.015793036239229022,
        0.07570760198984271,
        0.0029572803723726844,
        0.027176148486877674,
        0.10057266752189147,
        0.007043285566830547,
        0.04575121946677257,
        0.08716903139672613
    ],
    "total_mse_states": 0.029543726582842007,
    "mse_velocities_per_variable": [
        0.010357158045877656,
        0.005139485120073645,
        0.009860591089338781,
        0.9649489802806567,
        0.7023900161631765,
        0.036604745912910644,
        1.4703400524303814,
        3.1567753930149913,
        23.561742706908603,
        0.6833842475525139,
        0.6314783590758604,
        0.4318043103269064,
        0.6826022912311629,
        2.3782823635881085,
        4.976677925193175,
        0.0987203465050285,
        1.7514290985991299,
        1.2386123726427192
    ],
    "total_mse_velocities": 2.3772861357600346
}