{
    "rmse_states_per_variable": [
        0.10739037358678317,
        0.36350513164177084,
        0.12484383801025412,
        0.49875329548156705,
        0.08673787681260925,
        0.03757021117053742,
        0.469599069062708,
        0.45025600439604596,
        0.8706915241771428,
        0.460107007993437,
        0.33569571364836226,
        0.381905245475158,
        0.5150267995710005,
        0.4791251298852872,
        0.3800416226137034,
        0.6803576899303954,
        0.33423740393428164,
        0.46209117398417243,
        0.4657286803877948
    ],
    "total_rmse_states": 0.4420539068224697,
    "rmse_velocities_per_variable": [
        0.19449974010283533,
        0.4365231924240968,
        0.009050968088688192,
        2.9524286136062567,
        1.3335102182705536,
        0.27802894534919687,
        0.3497731261713554,
        10.486066550089474,
        4.952953465802828,
        0.3223262524923107,
        1.7669422751427253,
        11.718671452089778,
        1.5197813713332948,
        1.300002005312667,
        5.108338360429498,
        1.6862720398876314,
        3.3633136344154515,
        8.119788102049018
    ],
    "total_rmse_velocities": 4.691286141588387,
    "mae_com": 0.251701837450037,
    "rmse_com": 0.3990672336313028,
    "std_z_nom": 0.05109903247423692,
    "std_z_policy": 0.10848586274909472,
    "rmse_z": 0.12484383801025407
}