{
    "rmse_states_per_variable": [
        0.14285898461372415,
        0.20548479337389852,
        0.023497166162491374,
        0.027025518624495856,
        0.01623327612259798,
        0.013685989223518234,
        0.0017222139984197113,
        0.10722428939722056,
        0.20658571922761199,
        0.18305769289516516,
        0.06891750163998574,
        0.29973926305959003,
        0.2671869682765602,
        0.08770413658429863,
        0.1357741462289151,
        0.2104167339066837,
        0.07082450167085125,
        0.19048787520627553,
        0.2021615820161383
    ],
    "total_rmse_states": 0.1573813353162035,
    "rmse_velocities_per_variable": [
        0.03401444783726094,
        0.10440081801651852,
        0.04247932597472647,
        0.11134753401284388,
        0.6571127489583979,
        0.36462313942972213,
        0.601085180741593,
        0.7878432287285471,
        0.6976478297020737,
        0.27521912246470726,
        1.317522294761655,
        1.172052845474811,
        0.12293184084821963,
        2.2261317101635942,
        2.366934489919767,
        0.20136526797854862,
        0.9259003347277873,
        0.028441891248270602
    ],
    "total_rmse_velocities": 0.9636977282500274,
    "mae_com": 0.21902845791840414,
    "rmse_com": 0.2513658819538676,
    "std_z_nom": 0.05052442854536715,
    "std_z_policy": 0.049199685424254874,
    "rmse_z": 0.023497166162491402
}