{
    "rmse_states_per_variable": [
        0.25153274986993446,
        0.020480423915909093,
        0.004856371111664889,
        0.00660990146196739,
        0.0071499594533943195,
        0.0039904052700336584,
        0.0003944948967269938,
        0.021174840714391227,
        0.03451315654574501,
        0.036494946499486945,
        0.01390515500539351,
        0.04897484758161021,
        0.05277842399605039,
        0.01714644226078691,
        0.053970127951726864,
        0.03561973002490198,
        0.024478557366220753,
        0.06384382271774125,
        0.04716203687440433
    ],
    "total_rmse_states": 0.06631128491584343,
    "rmse_velocities_per_variable": [
        0.042133304555695784,
        0.01233221802478516,
        0.06663473705231095,
        0.7244048926032661,
        0.059765689478682237,
        0.09306909005530545,
        0.9211764080202821,
        1.1186131615814028,
        1.7636333631485406,
        0.7702958444783675,
        1.180960081183955,
        2.0707088901092003,
        0.7794916181982602,
        0.37422464988059956,
        0.5321319243411136,
        0.7476258299460827,
        0.10816763944478423,
        0.11526928903890225
    ],
    "total_rmse_velocities": 0.8706393800721957,
    "mae_com": 0.24619546714058746,
    "rmse_com": 0.2524118784076541,
    "std_z_nom": 0.051705337169855266,
    "std_z_policy": 0.051780653217893415,
    "rmse_z": 0.004856371111664881
}